{"cameraMode":{"drawMode":0,"name":"Shaded","section":"Shading Mode"},"sceneLighting":true,"audioPlay":false,"sceneViewState":{"showFog":true,"showMaterialUpdate":true,"showSkybox":true,"showFlares":true,"showImageEffects":true,"showParticleSystems":true},"in2DMode":false,"pivot":{"x":17.615015029907228,"y":14.640625,"z":213.09063720703126},"rotation":{"x":0.7060445547103882,"y":-0.0010622406844049693,"z":0.001059055794030428,"w":0.7081658244132996},"size":94.03010559082031,"orthographic":true}