{"cameraMode":{"drawMode":0,"name":"Shaded","section":"Shading Mode"},"sceneLighting":false,"audioPlay":false,"sceneViewState":{"showFog":true,"showMaterialUpdate":false,"showSkybox":true,"showFlares":true,"showImageEffects":true,"showParticleSystems":true},"in2DMode":false,"pivot":{"x":1.059999942779541,"y":1.0,"z":16.079999923706056},"rotation":{"x":0.15771876275539399,"y":0.014812130481004715,"z":-0.002365665975958109,"w":0.9873701930046082},"size":7.471867561340332,"orthographic":false}